"","ins_rcl","ins_prec","del_rcl","del_prec","eins_rcl","eins_prec","edel_rcl","edel_prec"
"1",0,-0.019878,0,0,0.022414,-0.021575,0,0
"2",0,0,0,0,0.03,0.01,0,0
"3",0,0,0,0,0.03,0.01,0,0
"4",0,0,0,0,-0.000755999999999979,-0.008185,0,-0.00917400000000002
"5",0,0,0,0,0.00163500000000005,-0.019079,0,0
