"","ins_rcl","ins_prec","del_rcl","del_prec","eins_rcl","eins_prec","edel_rcl","edel_prec"
"1",0.03625,0,0,0.0365620000000001,0,0,0,0
"2",0.04129,0,0,0.156774,0,0,0,0
"3",0.00318799999999997,0,0,0.143333,0,0,0,0
"4",-0.00235300000000005,0,-0.102941,0.052647,0,-0.102941,0,-0.102941
"5",0.046667,0,0,0.129444,0,0,0,0
