"","ins_rcl","ins_prec","del_rcl","del_prec","eins_rcl","eins_prec","edel_rcl","edel_prec"
"1",-0.038889,0,0,-0.0294439999999999,-0.00965499999999997,-0.136498,0,0.89899
"2",-0.011111,0,0,0.0284260000000001,0.0102409999999999,0.0284570000000001,0,1
"3",0.00454499999999999,0,0,0.0240910000000001,0.00298900000000002,-0.0950869999999999,0,0.909091
"4",0.00789500000000001,0,0,0.019912,-0.063153,-0.07604,0,0.842105
"5",-0.011111,0,0,0.0214810000000001,0.032923,0.02422,0,1
