"","ins_rcl","ins_prec","del_rcl","del_prec","eins_rcl","eins_prec","edel_rcl","edel_prec"
"1",0,0,0,0,0.03,0.01,0,0
"2",0,0,0,0,-0.0797059999999999,-0.013029,0,0
"3",0,0,0,0,-0.105893,-0.00633399999999995,0,-0.00900900000000004
"4",0,0,0,0,0.03,0.01,0,0
"5",0,0,0,0,0.03,0.01,0,-0.00900900000000004
