"","ins_rcl","ins_prec","del_rcl","del_prec","eins_rcl","eins_prec","edel_rcl","edel_prec"
"1",0,-0.028303,-0.00796600000000003,0,-0.229409,-0.05491,0,-0.031609
"2",-0.00019199999999997,-0.00245200000000001,0,0,0.00555000000000005,0.00740700000000005,0,-0.024904
"3",0,0,0,-0.000958000000000014,0.026779,-0.003081,0,0
"4",-0.000132000000000021,-0.000479000000000007,0,-0.000958000000000014,-0.0509459999999999,-0.041863,0,-0.00574699999999995
"5",-0.000201000000000007,-0.00351199999999996,-0.00019199999999997,0,-0.043701,-0.055029,0,0
