"","ins_rcl","ins_prec","del_rcl","del_prec","eins_rcl","eins_prec","edel_rcl","edel_prec"
"1",0,0,0,0,-0.035743,-0.03293,0,0
"2",0,0,0,0,0.03,0.01,0,0
"3",0,0,0,0,0.00916700000000004,-0.00945699999999994,0,0
"4",0,0,0,0,0.03,0.01,0,0
"5",0,0,0,0,-0.0444909999999999,-0.020215,0,0
