"","ins_rcl","ins_prec","del_rcl","del_prec","eins_rcl","eins_prec","edel_rcl","edel_prec"
"1",0,0,0,0.02,0,0,0,0
"2",0,0,0,0.00655499999999998,0,0,0,0
"3",0,-0.046298,0,0.014657,0,0,0,0
"4",0,-0.00203699999999996,-7.1999999999961e-05,0.015916,0,0,0,0
"5",0,0,0,0.02,0,0,0,0
