"","ins_rcl","ins_prec","del_rcl","del_prec","eins_rcl","eins_prec","edel_rcl","edel_prec"
"1",0,-0.00133799999999995,0,0,0,0,0,0
"2",-5.50000000000272e-05,-0.0583939999999999,0,-0.035079,0,0,0,0
"3",-0.00750899999999999,-0.159334,-0.114834,-0.107354,0,0,0,0
"4",-0.078736,-0.15043,-0.0326959999999999,-0.014439,0,0,0,0
"5",-0.320476,-0.101209,-0.164029,-0.098099,0,0,0,0
