"","ins_rcl","ins_prec","del_rcl","del_prec","eins_rcl","eins_prec","edel_rcl","edel_prec"
"1",-0.038889,0,-0.080808,-0.098889,0.07942,0.03,0,0.646465
"2",-0.04011,0,0,-0.064396,-0.030898,-0.282546,0,0.428571
"3",-0.038889,0,-0.146465,-0.141818,0.050544,0.023266,0,0.525253
"4",-0.046907,0,-0.072165,-0.060515,0.059826,0.025991,0,0.597938
"5",-0.035417,0,-0.052083,-0.05375,-0.04825,-0.251862,0,0.3125
