"","ins_rcl","ins_prec","del_rcl","del_prec","eins_rcl","eins_prec","edel_rcl","edel_prec"
"1",0,0,0,0,-0.099683,-0.034921,0,0
"2",0,0,0,0,0.03,0.00925900000000002,0,0
"3",0,0,0,0,0.027159,-0.006297,0,0
"4",0,0,0,0,0.0282640000000001,0.01,0,0
"5",0,0,0,0,0.03,0.008131,0,-0.00934599999999997
