"","ins_rcl","ins_prec","del_rcl","del_prec","eins_rcl","eins_prec","edel_rcl","edel_prec"
"1",0,0,0,0,-0.425178,-0.047701,0,0
"2",0,-0.000958000000000014,0,0,0.028267,0.00898900000000002,0,0
"3",0,-0.000958000000000014,0,-0.00364900000000001,0.03,-0.0142599999999999,0,0
"4",0,0,0,-0.000238999999999989,0.029641,0.005888,0,0
"5",0,0,0,-0.00740700000000005,0.026564,0.00663999999999998,0,-0.000958000000000014
