"","ins_rcl","ins_prec","del_rcl","del_prec","eins_rcl","eins_prec","edel_rcl","edel_prec"
"1",-0.031682,0,0,-0.027027,0.024208,-0.00381699999999996,0,0
"2",0,0,0,0,0.03,0.01,0,0
"3",0,0,0,0,0.025495,0.01,0,0
"4",0,0,0,0,0.000170000000000003,-0.016172,0,0
"5",0,0,0,0,0.03,0.01,0,0
