"","ins_rcl","ins_prec","del_rcl","del_prec","eins_rcl","eins_prec","edel_rcl","edel_prec"
"1",-0.018774,0,-0.00191600000000003,0.00379300000000005,0.010337,0.0135230000000001,0,0.993295
"2",-0.018774,0,-0.008876,0.00361699999999998,-0.054637,0.0157010000000001,0,0.911877
"3",-0.018774,0,0,-0.057318,-0.11932,-0.189061,0,0.592912
"4",-0.018774,0,-0.00141400000000003,0.00606800000000007,-0.035436,-0.177181,0,0.840996
"5",-0.018774,0,0,0.00906099999999999,0.015601,0.02369,0,0.997126
