"","ins_rcl","ins_prec","del_rcl","del_prec","eins_rcl","eins_prec","edel_rcl","edel_prec"
"1",0,0,0,0,-0.240259,-0.036504,0,-0.0206190000000001
"2",0,0,0,0,0.03,0.01,0,0
"3",0,0,0,0,0.00945600000000002,0.01,0,-0.028302
"4",0,0,0,0,-0.0573629999999999,-0.028751,0,-0.00961500000000004
"5",0,-0.00180199999999997,0,0,0.026622,0.01,0,0
