node_ins_recall	node_ins_precision	node_del_recall	node_del_precision	edge_ins_recall	edge_ins_precision	edge_del_recall	edge_del_precision
1	0.971697	0.992034	1	0.740591	0.93509	1	0.968391
0.999808	0.997548	1	1	0.97555	0.997407	1	0.975096
1	1	1	0.999042	0.996779	0.986919	1	1
0.999868	0.999521	1	0.999042	0.919054	0.948137	1	0.994253
0.999799	0.996488	0.999808	1	0.926299	0.934971	1	1
