node_ins_recall	node_ins_precision	node_del_recall	node_del_precision	edge_ins_recall	edge_ins_precision	edge_del_recall	edge_del_precision
0.131226	1	0.998084	0.963793	0.890337	0.983523	1	0.993295
0.131226	1	0.991124	0.963617	0.825363	0.985701	1	0.911877
0.131226	1	1	0.902682	0.76068	0.780939	1	0.592912
0.131226	1	0.998586	0.966068	0.844564	0.792819	1	0.840996
0.131226	1	1	0.969061	0.895601	0.99369	1	0.997126
