node_ins_recall	node_ins_precision	node_del_recall	node_del_precision	edge_ins_recall	edge_ins_precision	edge_del_recall	edge_del_precision
0.122145	1	0.989507	0.946985	0.886775	0.966363	1	0.970209
0.129944	1	0.998823	0.961642	0.89406	0.984027	1	0.997175
0.139241	1	0.985086	0.915833	0.777733	0.717453	1	0.71665
0.141509	1	0.983758	0.849219	0.729503	0.619672	1	0.570755
0.122723	1	0.994966	0.951938	0.890486	0.985793	1	0.986577
